archetype,lines,projects,total_labor_var_scaled,total_var_scaled,median_early_bm
Early productivity drift (hours-driven),10,5,1553171.6777843286,-2014401.7402665308,3.1391460218407197
Terminal units labor overrun (recurring),5,5,813336.2837948238,812659.3217542984,0.08593070921533087
Unbudgeted labor (scope/coding gap),5,5,215568.25,215568.25,
Controls/commissioning labor overrun (recurring),3,3,212961.05351945176,213065.19153813663,0.08112475774217306
Late or gradual labor overrun,2,2,54468.725767058364,53249.330518660645,0.11438396993846076
Schedule pressure / overtime-driven labor leak,1,1,21115.792609197855,-38383.9623347233,0.2145501992919824
Early drift recovered,4,2,-3968.838011684871,-4237.76320509355,0.4824981550340075
On-track / underrun,45,5,-1343144.4148064177,-2504965.7967328615,0.06562265425740786
